edge_0-1,spin_0,spin_1,hamiltonian
0.5729227418814462,1,1,-0.5729227418814462
-0.03528568369638596,-1,1,-0.03528568369638596
0.6524055848276507,-1,-1,-0.6524055848276507
-0.3229941285240052,-1,1,-0.3229941285240052
-0.5598565038276371,1,-1,-0.5598565038276371
0.7333021638818333,1,1,-0.7333021638818333
0.019052303133884507,1,1,-0.019052303133884507
-0.7334559598445487,1,-1,-0.7334559598445487
0.5262383814497835,-1,-1,-0.5262383814497835
-0.4670443291391764,1,-1,-0.4670443291391764
